{"cameraMode":{"drawMode":0,"name":"Shaded","section":"Shading Mode"},"sceneLighting":true,"audioPlay":false,"sceneViewState":{"m_AlwaysRefresh":true,"showFog":true,"showSkybox":true,"showFlares":true,"showImageEffects":true,"showParticleSystems":true,"showVisualEffectGraphs":true,"m_FxEnabled":true},"in2DMode":false,"pivot":{"x":997.7512817382813,"y":99.73503875732422,"z":1577.3704833984375},"rotation":{"x":0.0952463448047638,"y":0.013440239243209362,"z":-0.00125796755310148,"w":0.9953867197036743},"size":1391.4515380859375,"orthographic":false}