{"cameraMode":{"drawMode":0,"name":"Shaded","section":"Shading Mode"},"sceneLighting":true,"audioPlay":false,"sceneViewState":{"m_AlwaysRefresh":true,"showFog":true,"showSkybox":true,"showFlares":true,"showImageEffects":true,"showParticleSystems":true,"showVisualEffectGraphs":true,"m_FxEnabled":true},"in2DMode":false,"pivot":{"x":7.3456244468688969,"y":1.4753583669662476,"z":5.6538310050964359},"rotation":{"x":0.1754724234342575,"y":-0.011810865253210068,"z":0.002114787232130766,"w":0.9844202399253845},"size":3.5277223587036135,"orthographic":false}